1. 1. (1,8) = 4, no conflicts, trying value
2. 2. (2,4) = 1, no conflicts, trying value
3. 3. (2,5) = 3, no conflicts, trying value
4. 4. (2,9) = 2, no conflicts, trying value
5. 5. (2,8) = 6, no conflicts, trying value
6. 6. (2,3) = 4, no conflicts, trying value
7. 7. (1,5) = 5, no conflicts, trying value
8. 8. (1,9) = 1, no conflicts, trying value
9. 9. (1,1) = 7, no conflicts, trying value
10. 10. (1,3) = 3, no conflicts, trying value
11. 11. (1,7) = 9, no conflicts, trying value
12. 12. (3,1) = 1, no conflicts, trying value
13. 13. (3,3) = 6, no conflicts, trying value
14. 14. (3,2) = 9, no conflicts, trying value
15. 15. (3,4) = 2, no conflicts, trying value
16. 16. (3,6) = 7, no conflicts, trying value
17. 17. (3,7) = 3, no conflicts, trying value
18. 18. (3,8) = 5, no conflicts, trying value
19. 19. (3,9) = 8, no conflicts, trying value
20. 20. (4,9) = 9, no conflicts, trying value
21. 21. (4,4) = 4, no conflicts, trying value
22. 22. (4,3) = 1, no conflicts, trying value
23. 23. (4,6) = 2, no conflicts, trying value
24. 24. (4,8) = 8, no conflicts, trying value
25. 25. (4,5) = 6, no conflicts, trying value
26. 26. (5,2) = 5, no conflicts, trying value
27. 27. (5,3) = 2, no conflicts, trying value
28. 28. (4,3) = 2, no conflicts, trying value
29. 29. (4,6) = 1, no conflicts, trying value
30. 30. (4,8) = 8, no conflicts, trying value
31. 31. (4,5) = 6, no conflicts, trying value
32. 32. (5,7) = 2, no conflicts, trying value
33. 33. (5,8) = 7, no conflicts, trying value
34. 34. (6,7) = 6, no conflicts, trying value
35. 35. (3,8) = 8, no conflicts, trying value
36. 36. (3,9) = 5, no conflicts, trying value
37. 37. (4,8) = 2, no conflicts, trying value
38. 38. (4,3) = 1, no conflicts, trying value
39. 39. (4,6) = 4, no conflicts, trying value
40. 40. (4,4) = 9, no conflicts, trying value
41. 41. (4,9) = 8, no conflicts, trying value
42. 42. (4,5) = 6, no conflicts, trying value
43. 43. (5,2) = 5, no conflicts, trying value
44. 44. (5,3) = 2, no conflicts, trying value
45. 45. (5,4) = 7, no conflicts, trying value
46. 46. (3,7) = 8, no conflicts, trying value
47. 47. (3,8) = 5, no conflicts, trying value
48. 48. (3,4) = 7, no conflicts, trying value
49. 49. (3,6) = 2, no conflicts, trying value
50. 50. (3,7) = 3, no conflicts, trying value
51. 51. (3,8) = 5, no conflicts, trying value
52. 52. (3,9) = 8, no conflicts, trying value
53. 53. (4,9) = 9, no conflicts, trying value
54. 54. (4,3) = 1, no conflicts, trying value
55. 55. (4,6) = 4, no conflicts, trying value
56. 56. (4,4) = 2, no conflicts, trying value
57. 57. (4,8) = 8, no conflicts, trying value
58. 58. (4,5) = 6, no conflicts, trying value
59. 59. (5,2) = 5, no conflicts, trying value
60. 60. (5,3) = 2, no conflicts, trying value
61. 61. (5,4) = 9, no conflicts, trying value
62. 62. (4,3) = 2, no conflicts, trying value
63. 63. (4,4) = 4, no conflicts, trying value
64. 64. (4,6) = 1, no conflicts, trying value
65. 65. (4,8) = 8, no conflicts, trying value
66. 66. (4,5) = 6, no conflicts, trying value
67. 67. (5,7) = 2, no conflicts, trying value
68. 68. (5,8) = 7, no conflicts, trying value
69. 69. (6,7) = 6, no conflicts, trying value
70. 70. (3,8) = 8, no conflicts, trying value
71. 71. (3,9) = 5, no conflicts, trying value
72. 72. (4,8) = 2, no conflicts, trying value
73. 73. (4,3) = 1, no conflicts, trying value
74. 74. (4,6) = 4, no conflicts, trying value
75. 75. (4,4) = 9, no conflicts, trying value
76. 76. (4,9) = 8, no conflicts, trying value
77. 77. (4,5) = 6, no conflicts, trying value
78. 78. (5,2) = 5, no conflicts, trying value
79. 79. (5,3) = 2, no conflicts, trying value
80. 80. (3,7) = 8, no conflicts, trying value
81. 81. (3,8) = 5, no conflicts, trying value
82. 82. (3,1) = 9, no conflicts, trying value
83. 83. (3,2) = 1, no conflicts, trying value
84. 84. (3,3) = 6, no conflicts, trying value
85. 85. (3,4) = 2, no conflicts, trying value
86. 86. (3,6) = 7, no conflicts, trying value
87. 87. (3,7) = 3, no conflicts, trying value
88. 88. (3,8) = 5, no conflicts, trying value
89. 89. (3,9) = 8, no conflicts, trying value
90. 90. (4,9) = 9, no conflicts, trying value
91. 91. (4,4) = 4, no conflicts, trying value
92. 92. (4,3) = 1, no conflicts, trying value
93. 93. (4,6) = 2, no conflicts, trying value
94. 94. (4,8) = 8, no conflicts, trying value
95. 95. (4,5) = 6, no conflicts, trying value
96. 96. (5,7) = 2, no conflicts, trying value
97. 97. (5,3) = 5, no conflicts, trying value
98. 98. (5,2) = 9, no conflicts, trying value
99. 99. (5,4) = 7, no conflicts, trying value
100. 100. (4,3) = 2, no conflicts, trying value
101. 101. (4,6) = 1, no conflicts, trying value
102. 102. (4,8) = 8, no conflicts, trying value
103. 103. (4,5) = 6, no conflicts, trying value
104. 104. (5,7) = 2, no conflicts, trying value
105. 105. (5,8) = 7, no conflicts, trying value
106. 106. (6,1) = 4, no conflicts, trying value
107. 107. (6,7) = 6, no conflicts, trying value
108. 108. (3,8) = 8, no conflicts, trying value
109. 109. (3,9) = 5, no conflicts, trying value
110. 110. (4,8) = 2, no conflicts, trying value
111. 111. (4,3) = 1, no conflicts, trying value
112. 112. (4,6) = 4, no conflicts, trying value
113. 113. (4,4) = 9, no conflicts, trying value
114. 114. (4,9) = 8, no conflicts, trying value
115. 115. (4,5) = 6, no conflicts, trying value
116. 116. (3,7) = 8, no conflicts, trying value
117. 117. (3,8) = 5, no conflicts, trying value
118. 118. (3,4) = 7, no conflicts, trying value
119. 119. (3,6) = 2, no conflicts, trying value
120. 120. (3,7) = 3, no conflicts, trying value
121. 121. (3,8) = 5, no conflicts, trying value
122. 122. (3,9) = 8, no conflicts, trying value
123. 123. (4,9) = 9, no conflicts, trying value
124. 124. (4,3) = 1, no conflicts, trying value
125. 125. (4,6) = 4, no conflicts, trying value
126. 126. (4,4) = 2, no conflicts, trying value
127. 127. (4,8) = 8, no conflicts, trying value
128. 128. (4,5) = 6, no conflicts, trying value
129. 129. (5,7) = 2, no conflicts, trying value
130. 130. (5,3) = 5, no conflicts, trying value
131. 131. (5,2) = 9, no conflicts, trying value
132. 132. (4,3) = 2, no conflicts, trying value
133. 133. (4,4) = 4, no conflicts, trying value
134. 134. (4,6) = 1, no conflicts, trying value
135. 135. (4,8) = 8, no conflicts, trying value
136. 136. (4,5) = 6, no conflicts, trying value
137. 137. (5,7) = 2, no conflicts, trying value
138. 138. (5,8) = 7, no conflicts, trying value
139. 139. (6,1) = 4, no conflicts, trying value
140. 140. (6,7) = 6, no conflicts, trying value
141. 141. (3,8) = 8, no conflicts, trying value
142. 142. (3,9) = 5, no conflicts, trying value
143. 143. (4,8) = 2, no conflicts, trying value
144. 144. (4,3) = 1, no conflicts, trying value
145. 145. (4,6) = 4, no conflicts, trying value
146. 146. (4,4) = 9, no conflicts, trying value
147. 147. (4,9) = 8, no conflicts, trying value
148. 148. (4,5) = 6, no conflicts, trying value
149. 149. (3,7) = 8, no conflicts, trying value
150. 150. (3,8) = 5, no conflicts, trying value
151. 151. (3,2) = 6, no conflicts, trying value
152. 152. (3,3) = 1, no conflicts, trying value
153. 153. (4,3) = 2, no conflicts, trying value
154. 154. (4,8) = 8, no conflicts, trying value
155. 155. (3,8) = 5, no conflicts, trying value
156. 156. (3,9) = 8, no conflicts, trying value
157. 157. (3,7) = 3, no conflicts, trying value
158. 158. (4,9) = 9, no conflicts, trying value
159. 159. (4,4) = 4, no conflicts, trying value
160. 160. (4,6) = 1, no conflicts, trying value
161. 161. (4,5) = 6, no conflicts, trying value
162. 162. (5,3) = 5, no conflicts, trying value
163. 163. (5,7) = 2, no conflicts, trying value
164. 164. (5,8) = 7, no conflicts, trying value
165. 165. (5,4) = 9, no conflicts, trying value
166. 166. (5,2) = 1, no conflicts, trying value
167. 167. (5,5) = 8, no conflicts, trying value
168. 168. (5,6) = 3, no conflicts, trying value
169. 169. (6,1) = 4, no conflicts, trying value
170. 170. (6,2) = 9, no conflicts, trying value
171. 171. (6,5) = 7, no conflicts, trying value
172. 172. (6,7) = 6, no conflicts, trying value
173. 173. (1,1) = 9, no conflicts, trying value
174. 174. (1,7) = 3, no conflicts, trying value
175. 175. (1,3) = 7, no conflicts, trying value
176. 176. (3,1) = 1, no conflicts, trying value
177. 177. (3,2) = 3, no conflicts, trying value
178. 178. (3,3) = 6, no conflicts, trying value
179. 179. (3,4) = 2, no conflicts, trying value
180. 180. (3,6) = 7, no conflicts, trying value
181. 181. (3,7) = 8, no conflicts, trying value
182. 182. (3,8) = 5, no conflicts, trying value
183. 183. (3,9) = 9, no conflicts, trying value
184. 184. (4,9) = 8, no conflicts, trying value
185. 185. (4,8) = 2, no conflicts, trying value
186. 186. (4,3) = 1, no conflicts, trying value
187. 187. (4,6) = 4, no conflicts, trying value
188. 188. (4,4) = 9, no conflicts, trying value
189. 189. (4,5) = 6, no conflicts, trying value
190. 190. (5,7) = 9, no conflicts, trying value
191. 191. (5,2) = 5, no conflicts, trying value
192. 192. (5,3) = 2, no conflicts, trying value
193. 193. (5,4) = 7, no conflicts, trying value
194. 194. (3,7) = 9, no conflicts, trying value
195. 195. (3,8) = 5, no conflicts, trying value
196. 196. (3,9) = 8, no conflicts, trying value
197. 197. (4,9) = 9, no conflicts, trying value
198. 198. (4,4) = 4, no conflicts, trying value
199. 199. (4,3) = 1, no conflicts, trying value
200. 200. (4,6) = 2, no conflicts, trying value
201. 201. (4,8) = 8, no conflicts, trying value
202. 202. (4,5) = 6, no conflicts, trying value
203. 203. (5,7) = 2, no conflicts, trying value
204. 204. (5,3) = 5, no conflicts, trying value
205. 205. (5,2) = 9, no conflicts, trying value
206. 206. (5,4) = 7, no conflicts, trying value
207. 207. (4,3) = 2, no conflicts, trying value
208. 208. (4,6) = 1, no conflicts, trying value
209. 209. (4,8) = 8, no conflicts, trying value
210. 210. (4,5) = 6, no conflicts, trying value
211. 211. (5,7) = 2, no conflicts, trying value
212. 212. (5,8) = 7, no conflicts, trying value
213. 213. (6,1) = 4, no conflicts, trying value
214. 214. (6,7) = 6, no conflicts, trying value
215. 215. (3,8) = 8, no conflicts, trying value
216. 216. (3,9) = 5, no conflicts, trying value
217. 217. (4,8) = 2, no conflicts, trying value
218. 218. (4,3) = 1, no conflicts, trying value
219. 219. (4,6) = 4, no conflicts, trying value
220. 220. (4,4) = 9, no conflicts, trying value
221. 221. (4,9) = 8, no conflicts, trying value
222. 222. (4,5) = 6, no conflicts, trying value
223. 223. (3,4) = 7, no conflicts, trying value
224. 224. (3,6) = 2, no conflicts, trying value
225. 225. (3,7) = 8, no conflicts, trying value
226. 226. (3,8) = 5, no conflicts, trying value
227. 227. (3,9) = 9, no conflicts, trying value
228. 228. (4,9) = 8, no conflicts, trying value
229. 229. (4,8) = 2, no conflicts, trying value
230. 230. (4,3) = 1, no conflicts, trying value
231. 231. (4,6) = 4, no conflicts, trying value
232. 232. (4,4) = 9, no conflicts, trying value
233. 233. (4,5) = 6, no conflicts, trying value
234. 234. (5,7) = 9, no conflicts, trying value
235. 235. (5,2) = 5, no conflicts, trying value
236. 236. (5,3) = 2, no conflicts, trying value
237. 237. (3,7) = 9, no conflicts, trying value
238. 238. (3,8) = 5, no conflicts, trying value
239. 239. (3,9) = 8, no conflicts, trying value
240. 240. (4,9) = 9, no conflicts, trying value
241. 241. (4,3) = 1, no conflicts, trying value
242. 242. (4,6) = 4, no conflicts, trying value
243. 243. (4,4) = 2, no conflicts, trying value
244. 244. (4,8) = 8, no conflicts, trying value
245. 245. (4,5) = 6, no conflicts, trying value
246. 246. (5,7) = 2, no conflicts, trying value
247. 247. (5,3) = 5, no conflicts, trying value
248. 248. (5,2) = 9, no conflicts, trying value
249. 249. (4,3) = 2, no conflicts, trying value
250. 250. (4,4) = 4, no conflicts, trying value
251. 251. (4,6) = 1, no conflicts, trying value
252. 252. (4,8) = 8, no conflicts, trying value
253. 253. (4,5) = 6, no conflicts, trying value
254. 254. (5,7) = 2, no conflicts, trying value
255. 255. (5,8) = 7, no conflicts, trying value
256. 256. (6,1) = 4, no conflicts, trying value
257. 257. (6,7) = 6, no conflicts, trying value
258. 258. (3,8) = 8, no conflicts, trying value
259. 259. (3,9) = 5, no conflicts, trying value
260. 260. (4,8) = 2, no conflicts, trying value
261. 261. (4,3) = 1, no conflicts, trying value
262. 262. (4,6) = 4, no conflicts, trying value
263. 263. (4,4) = 9, no conflicts, trying value
264. 264. (4,9) = 8, no conflicts, trying value
265. 265. (4,5) = 6, no conflicts, trying value
266. 266. (3,2) = 6, no conflicts, trying value
267. 267. (3,3) = 3, no conflicts, trying value
268. 268. (3,4) = 2, no conflicts, trying value
269. 269. (3,6) = 7, no conflicts, trying value
270. 270. (3,7) = 8, no conflicts, trying value
271. 271. (3,8) = 5, no conflicts, trying value
272. 272. (3,9) = 9, no conflicts, trying value
273. 273. (4,9) = 8, no conflicts, trying value
274. 274. (4,8) = 2, no conflicts, trying value
275. 275. (4,3) = 1, no conflicts, trying value
276. 276. (4,6) = 4, no conflicts, trying value
277. 277. (4,4) = 9, no conflicts, trying value
278. 278. (4,5) = 6, no conflicts, trying value
279. 279. (5,7) = 9, no conflicts, trying value
280. 280. (5,2) = 5, no conflicts, trying value
281. 281. (5,3) = 2, no conflicts, trying value
282. 282. (5,4) = 7, no conflicts, trying value
283. 283. (3,7) = 9, no conflicts, trying value
284. 284. (3,8) = 5, no conflicts, trying value
285. 285. (3,9) = 8, no conflicts, trying value
286. 286. (4,9) = 9, no conflicts, trying value
287. 287. (4,4) = 4, no conflicts, trying value
288. 288. (4,3) = 1, no conflicts, trying value
289. 289. (4,6) = 2, no conflicts, trying value
290. 290. (4,8) = 8, no conflicts, trying value
291. 291. (4,5) = 6, no conflicts, trying value
292. 292. (5,7) = 2, no conflicts, trying value
293. 293. (5,3) = 5, no conflicts, trying value
294. 294. (5,2) = 9, no conflicts, trying value
295. 295. (5,4) = 7, no conflicts, trying value
296. 296. (4,3) = 2, no conflicts, trying value
297. 297. (4,6) = 1, no conflicts, trying value
298. 298. (4,8) = 8, no conflicts, trying value
299. 299. (4,5) = 6, no conflicts, trying value
300. 300. (5,7) = 2, no conflicts, trying value
301. 301. (5,8) = 7, no conflicts, trying value
302. 302. (6,1) = 4, no conflicts, trying value
303. 303. (6,7) = 6, no conflicts, trying value
304. 304. (3,8) = 8, no conflicts, trying value
305. 305. (3,9) = 5, no conflicts, trying value
306. 306. (4,8) = 2, no conflicts, trying value
307. 307. (4,3) = 1, no conflicts, trying value
308. 308. (4,6) = 4, no conflicts, trying value
309. 309. (4,4) = 9, no conflicts, trying value
310. 310. (4,9) = 8, no conflicts, trying value
311. 311. (4,5) = 6, no conflicts, trying value
312. 312. (3,4) = 7, no conflicts, trying value
313. 313. (3,6) = 2, no conflicts, trying value
314. 314. (3,7) = 8, no conflicts, trying value
315. 315. (3,8) = 5, no conflicts, trying value
316. 316. (3,9) = 9, no conflicts, trying value
317. 317. (4,9) = 8, no conflicts, trying value
318. 318. (4,8) = 2, no conflicts, trying value
319. 319. (4,3) = 1, no conflicts, trying value
320. 320. (4,6) = 4, no conflicts, trying value
321. 321. (4,4) = 9, no conflicts, trying value
322. 322. (4,5) = 6, no conflicts, trying value
323. 323. (5,7) = 9, no conflicts, trying value
324. 324. (5,2) = 5, no conflicts, trying value
325. 325. (5,3) = 2, no conflicts, trying value
326. 326. (3,7) = 9, no conflicts, trying value
327. 327. (3,8) = 5, no conflicts, trying value
328. 328. (3,9) = 8, no conflicts, trying value
329. 329. (4,9) = 9, no conflicts, trying value
330. 330. (4,3) = 1, no conflicts, trying value
331. 331. (4,6) = 4, no conflicts, trying value
332. 332. (4,4) = 2, no conflicts, trying value
333. 333. (4,8) = 8, no conflicts, trying value
334. 334. (4,5) = 6, no conflicts, trying value
335. 335. (5,7) = 2, no conflicts, trying value
336. 336. (5,3) = 5, no conflicts, trying value
337. 337. (5,2) = 9, no conflicts, trying value
338. 338. (4,3) = 2, no conflicts, trying value
339. 339. (4,4) = 4, no conflicts, trying value
340. 340. (4,6) = 1, no conflicts, trying value
341. 341. (4,8) = 8, no conflicts, trying value
342. 342. (4,5) = 6, no conflicts, trying value
343. 343. (5,7) = 2, no conflicts, trying value
344. 344. (5,8) = 7, no conflicts, trying value
345. 345. (6,1) = 4, no conflicts, trying value
346. 346. (6,7) = 6, no conflicts, trying value
347. 347. (3,8) = 8, no conflicts, trying value
348. 348. (3,9) = 5, no conflicts, trying value
349. 349. (4,8) = 2, no conflicts, trying value
350. 350. (4,3) = 1, no conflicts, trying value
351. 351. (4,6) = 4, no conflicts, trying value
352. 352. (4,4) = 9, no conflicts, trying value
353. 353. (4,9) = 8, no conflicts, trying value
354. 354. (4,5) = 6, no conflicts, trying value
355. 355. (1,9) = 9, no conflicts, trying value
356. 356. (4,9) = 8, no conflicts, trying value
357. 357. (4,8) = 2, no conflicts, trying value
358. 358. (4,3) = 1, no conflicts, trying value
359. 359. (4,6) = 4, no conflicts, trying value
360. 360. (4,4) = 9, no conflicts, trying value
361. 361. (4,5) = 6, no conflicts, trying value
362. 362. (5,7) = 9, no conflicts, trying value
363. 363. (5,2) = 5, no conflicts, trying value
364. 364. (5,3) = 2, no conflicts, trying value
365. 365. (5,4) = 7, no conflicts, trying value
366. 366. (3,4) = 2, no conflicts, trying value
367. 367. (3,6) = 7, no conflicts, trying value
368. 368. (1,5) = 7, no conflicts, trying value
369. 369. (1,1) = 1, no conflicts, trying value
370. 370. (1,3) = 3, no conflicts, trying value
371. 371. (1,7) = 9, no conflicts, trying value
372. 372. (1,9) = 5, no conflicts, trying value
373. 373. (3,8) = 8, no conflicts, trying value
374. 374. (3,9) = 1, no conflicts, trying value
375. 375. (3,7) = 3, no conflicts, trying value
376. 376. (4,8) = 2, no conflicts, trying value
377. 377. (4,3) = 1, no conflicts, trying value
378. 378. (4,6) = 4, no conflicts, trying value
379. 379. (4,4) = 9, no conflicts, trying value
380. 380. (4,9) = 8, no conflicts, trying value
381. 381. (4,5) = 6, no conflicts, trying value
382. 382. (1,1) = 9, no conflicts, trying value
383. 383. (1,3) = 1, no conflicts, trying value
384. 384. (1,7) = 3, no conflicts, trying value
385. 385. (1,9) = 5, no conflicts, trying value
386. 386. (3,1) = 7, no conflicts, trying value
387. 387. (3,8) = 8, no conflicts, trying value
388. 388. (4,3) = 2, no conflicts, trying value
389. 389. (1,3) = 3, no conflicts, trying value
390. 390. (1,7) = 1, no conflicts, trying value
391. 391. (1,9) = 5, no conflicts, trying value
392. 392. (3,8) = 8, no conflicts, trying value
393. 393. (3,9) = 9, no conflicts, trying value
394. 394. (3,7) = 3, no conflicts, trying value
395. 395. (4,8) = 2, no conflicts, trying value
396. 396. (4,3) = 1, no conflicts, trying value
397. 397. (4,6) = 4, no conflicts, trying value
398. 398. (4,4) = 9, no conflicts, trying value
399. 399. (4,9) = 8, no conflicts, trying value
400. 400. (4,5) = 6, no conflicts, trying value
401. 401. (5,7) = 9, no conflicts, trying value
402. 402. (5,2) = 5, no conflicts, trying value
403. 403. (5,3) = 2, no conflicts, trying value
404. 404. (5,4) = 7, no conflicts, trying value
405. 405. (2,4) = 2, no conflicts, trying value
406. 406. (2,8) = 6, no conflicts, trying value
407. 407. (2,9) = 1, no conflicts, trying value
408. 408. (2,5) = 3, no conflicts, trying value
409. 409. (2,3) = 4, no conflicts, trying value
410. 410. (1,7) = 3, no conflicts, trying value
411. 411. (1,3) = 1, no conflicts, trying value
412. 412. (4,3) = 2, no conflicts, trying value
413. 413. (4,8) = 8, no conflicts, trying value
414. 414. (4,9) = 9, no conflicts, trying value
415. 415. (1,9) = 5, no conflicts, trying value
416. 416. (1,5) = 7, no conflicts, trying value
417. 417. (1,1) = 9, no conflicts, trying value
418. 418. (3,1) = 7, no conflicts, trying value
419. 419. (3,8) = 2, no conflicts, trying value
420. 420. (3,9) = 8, no conflicts, trying value
421. 421. (3,7) = 9, no conflicts, trying value
422. 422. (5,3) = 5, no conflicts, trying value
423. 423. (5,7) = 2, no conflicts, trying value
424. 424. (5,8) = 7, no conflicts, trying value
425. 425. (6,1) = 4, no conflicts, trying value
426. 426. (6,2) = 9, no conflicts, trying value
427. 427. (5,2) = 1, no conflicts, trying value
428. 428. (5,4) = 9, no conflicts, trying value
429. 429. (5,5) = 8, no conflicts, trying value
430. 430. (5,6) = 3, no conflicts, trying value
431. 431. (6,7) = 6, no conflicts, trying value
432. 432. (6,5) = 5, no conflicts, trying value
433. 433. (6,4) = 7, no conflicts, trying value
434. 434. (6,6) = 2, no conflicts, trying value
435. 435. (7,8) = 5, no conflicts, trying value
436. 436. (7,9) = 7, no conflicts, trying value
437. 437. (8,5) = 1, no conflicts, trying value
438. 438. (4,5) = 6, no conflicts, trying value
439. 439. (7,4) = 4, no conflicts, trying value
440. 440. (4,4) = 1, no conflicts, trying value
441. 441. (3,4) = 5, no conflicts, trying value
442. 442. (3,6) = 1, no conflicts, trying value
443. 443. (4,6) = 4, no conflicts, trying value
444. 444. (1,3) = 7, no conflicts, trying value
445. 445. (1,1) = 1, no conflicts, trying value
446. 446. (1,5) = 5, no conflicts, trying value
447. 447. (1,9) = 9, no conflicts, trying value
448. 448. (3,1) = 9, no conflicts, trying value
449. 449. (3,2) = 3, no conflicts, trying value
450. 450. (3,3) = 6, no conflicts, trying value
451. 451. (3,4) = 1, no conflicts, trying value
452. 452. (3,6) = 7, no conflicts, trying value
453. 453. (3,7) = 2, no conflicts, trying value
454. 454. (3,8) = 5, no conflicts, trying value
455. 455. (3,9) = 8, no conflicts, trying value
456. 456. (4,9) = 2, no conflicts, trying value
457. 457. (4,3) = 1, no conflicts, trying value
458. 458. (4,6) = 4, no conflicts, trying value
459. 459. (4,4) = 9, no conflicts, trying value
460. 460. (4,8) = 8, no conflicts, trying value
461. 461. (4,5) = 6, no conflicts, trying value
462. 462. (5,7) = 9, no conflicts, trying value
463. 463. (5,2) = 5, no conflicts, trying value
464. 464. (5,3) = 2, no conflicts, trying value
465. 465. (5,4) = 7, no conflicts, trying value
466. 466. (3,8) = 8, no conflicts, trying value
467. 467. (3,9) = 5, no conflicts, trying value
468. 468. (4,8) = 2, no conflicts, trying value
469. 469. (4,3) = 1, no conflicts, trying value
470. 470. (4,6) = 4, no conflicts, trying value
471. 471. (4,4) = 9, no conflicts, trying value
472. 472. (4,9) = 8, no conflicts, trying value
473. 473. (4,5) = 6, no conflicts, trying value
474. 474. (5,7) = 9, no conflicts, trying value
475. 475. (5,2) = 5, no conflicts, trying value
476. 476. (5,3) = 2, no conflicts, trying value
477. 477. (5,4) = 7, no conflicts, trying value
478. 478. (3,7) = 8, no conflicts, trying value
479. 479. (3,8) = 2, no conflicts, trying value
480. 480. (3,9) = 5, no conflicts, trying value
481. 481. (4,8) = 8, no conflicts, trying value
482. 482. (4,9) = 2, no conflicts, trying value
483. 483. (4,3) = 1, no conflicts, trying value
484. 484. (4,6) = 4, no conflicts, trying value
485. 485. (4,4) = 9, no conflicts, trying value
486. 486. (4,5) = 6, no conflicts, trying value
487. 487. (5,7) = 9, no conflicts, trying value
488. 488. (5,2) = 5, no conflicts, trying value
489. 489. (5,3) = 2, no conflicts, trying value
490. 490. (5,4) = 7, no conflicts, trying value
491. 491. (3,8) = 5, no conflicts, trying value
492. 492. (3,9) = 2, no conflicts, trying value
493. 493. (4,9) = 8, no conflicts, trying value
494. 494. (4,8) = 2, no conflicts, trying value
495. 495. (4,3) = 1, no conflicts, trying value
496. 496. (4,6) = 4, no conflicts, trying value
497. 497. (4,4) = 9, no conflicts, trying value
498. 498. (4,5) = 6, no conflicts, trying value
499. 499. (5,7) = 9, no conflicts, trying value
500. 500. (5,2) = 5, no conflicts, trying value
501. 501. (5,3) = 2, no conflicts, trying value
502. 502. (5,4) = 7, no conflicts, trying value
503. 503. (3,4) = 7, no conflicts, trying value
504. 504. (3,6) = 1, no conflicts, trying value
505. 505. (3,7) = 2, no conflicts, trying value
506. 506. (3,8) = 5, no conflicts, trying value
507. 507. (3,9) = 8, no conflicts, trying value
508. 508. (4,9) = 2, no conflicts, trying value
509. 509. (4,3) = 1, no conflicts, trying value
510. 510. (4,6) = 4, no conflicts, trying value
511. 511. (4,4) = 9, no conflicts, trying value
512. 512. (4,8) = 8, no conflicts, trying value
513. 513. (4,5) = 6, no conflicts, trying value
514. 514. (5,7) = 9, no conflicts, trying value
515. 515. (5,2) = 5, no conflicts, trying value
516. 516. (5,3) = 2, no conflicts, trying value
517. 517. (5,4) = 1, no conflicts, trying value
518. 518. (5,8) = 7, no conflicts, trying value
519. 519. (5,5) = 8, no conflicts, trying value
520. 520. (5,6) = 3, no conflicts, trying value
521. 521. (6,1) = 4, no conflicts, trying value
522. 522. (6,2) = 9, no conflicts, trying value
523. 523. (6,4) = 5, no conflicts, trying value
524. 524. (6,5) = 7, no conflicts, trying value
525. 525. (6,6) = 2, no conflicts, trying value
526. 526. (6,7) = 6, no conflicts, trying value
527. 527. (7,4) = 4, no conflicts, trying value
528. 528. (3,8) = 8, no conflicts, trying value
529. 529. (3,9) = 5, no conflicts, trying value
530. 530. (4,8) = 2, no conflicts, trying value
531. 531. (4,3) = 1, no conflicts, trying value
532. 532. (4,6) = 4, no conflicts, trying value
533. 533. (4,4) = 9, no conflicts, trying value
534. 534. (4,9) = 8, no conflicts, trying value
535. 535. (4,5) = 6, no conflicts, trying value
536. 536. (5,7) = 9, no conflicts, trying value
537. 537. (5,2) = 5, no conflicts, trying value
538. 538. (5,3) = 2, no conflicts, trying value
539. 539. (5,4) = 1, no conflicts, trying value
540. 540. (5,8) = 7, no conflicts, trying value
541. 541. (5,5) = 8, no conflicts, trying value
542. 542. (5,6) = 3, no conflicts, trying value
543. 543. (6,1) = 4, no conflicts, trying value
544. 544. (6,2) = 9, no conflicts, trying value
545. 545. (6,4) = 5, no conflicts, trying value
546. 546. (6,5) = 7, no conflicts, trying value
547. 547. (6,6) = 2, no conflicts, trying value
548. 548. (6,7) = 6, no conflicts, trying value
549. 549. (7,4) = 4, no conflicts, trying value
550. 550. (7,8) = 5, no conflicts, trying value
551. 551. (7,3) = 3, no conflicts, trying value
552. 552. (7,6) = 7, no conflicts, trying value
553. 553. (7,1) = 8, no conflicts, trying value
554. 554. (7,7) = 1, no conflicts, trying value
555. 555. (7,2) = 6, no conflicts, trying value
556. 556. (3,7) = 8, no conflicts, trying value
557. 557. (3,8) = 2, no conflicts, trying value
558. 558. (3,9) = 5, no conflicts, trying value
559. 559. (4,8) = 8, no conflicts, trying value
560. 560. (4,9) = 2, no conflicts, trying value
561. 561. (4,3) = 1, no conflicts, trying value
562. 562. (4,6) = 4, no conflicts, trying value
563. 563. (4,4) = 9, no conflicts, trying value
564. 564. (4,5) = 6, no conflicts, trying value
565. 565. (5,7) = 9, no conflicts, trying value
566. 566. (5,2) = 5, no conflicts, trying value
567. 567. (5,3) = 2, no conflicts, trying value
568. 568. (5,4) = 1, no conflicts, trying value
569. 569. (5,8) = 7, no conflicts, trying value
570. 570. (5,5) = 8, no conflicts, trying value
571. 571. (5,6) = 3, no conflicts, trying value
572. 572. (6,1) = 4, no conflicts, trying value
573. 573. (6,2) = 9, no conflicts, trying value
574. 574. (6,4) = 5, no conflicts, trying value
575. 575. (6,5) = 7, no conflicts, trying value
576. 576. (6,6) = 2, no conflicts, trying value
577. 577. (6,7) = 6, no conflicts, trying value
578. 578. (7,4) = 4, no conflicts, trying value
579. 579. (7,7) = 1, no conflicts, trying value
580. 580. (7,2) = 6, no conflicts, trying value
581. 581. (7,8) = 5, no conflicts, trying value
582. 582. (7,3) = 3, no conflicts, trying value
583. 583. (7,6) = 7, no conflicts, trying value
584. 584. (7,1) = 8, no conflicts, trying value
585. 585. (3,8) = 5, no conflicts, trying value
586. 586. (3,9) = 2, no conflicts, trying value
587. 587. (4,9) = 8, no conflicts, trying value
588. 588. (4,8) = 2, no conflicts, trying value
589. 589. (4,3) = 1, no conflicts, trying value
590. 590. (4,6) = 4, no conflicts, trying value
591. 591. (4,4) = 9, no conflicts, trying value
592. 592. (4,5) = 6, no conflicts, trying value
593. 593. (5,7) = 9, no conflicts, trying value
594. 594. (5,2) = 5, no conflicts, trying value
595. 595. (5,3) = 2, no conflicts, trying value
596. 596. (5,4) = 1, no conflicts, trying value
597. 597. (5,8) = 7, no conflicts, trying value
598. 598. (5,5) = 8, no conflicts, trying value
599. 599. (5,6) = 3, no conflicts, trying value
600. 600. (6,1) = 4, no conflicts, trying value
601. 601. (6,2) = 9, no conflicts, trying value
602. 602. (6,4) = 5, no conflicts, trying value
603. 603. (6,5) = 7, no conflicts, trying value
604. 604. (6,6) = 2, no conflicts, trying value
605. 605. (6,7) = 6, no conflicts, trying value
606. 606. (7,4) = 4, no conflicts, trying value
607. 607. (7,7) = 1, no conflicts, trying value
608. 608. (7,2) = 6, no conflicts, trying value
609. 609. (7,8) = 8, no conflicts, trying value
610. 610. (7,1) = 7, no conflicts, trying value
611. 611. (7,6) = 5, no conflicts, trying value
612. 612. (7,3) = 3, no conflicts, trying value
613. 613. (3,2) = 6, no conflicts, trying value
614. 614. (3,3) = 3, no conflicts, trying value
615. 615. (3,4) = 1, no conflicts, trying value
616. 616. (3,6) = 7, no conflicts, trying value
617. 617. (3,7) = 2, no conflicts, trying value
618. 618. (3,8) = 5, no conflicts, trying value
619. 619. (3,9) = 8, no conflicts, trying value
620. 620. (4,9) = 2, no conflicts, trying value
621. 621. (4,3) = 1, no conflicts, trying value
622. 622. (4,6) = 4, no conflicts, trying value
623. 623. (4,4) = 9, no conflicts, trying value
624. 624. (4,8) = 8, no conflicts, trying value
625. 625. (4,5) = 6, no conflicts, trying value
626. 626. (5,7) = 9, no conflicts, trying value
627. 627. (5,2) = 5, no conflicts, trying value
628. 628. (5,3) = 2, no conflicts, trying value
629. 629. (5,4) = 7, no conflicts, trying value
630. 630. (3,8) = 8, no conflicts, trying value
631. 631. (3,9) = 5, no conflicts, trying value
632. 632. (4,8) = 2, no conflicts, trying value
633. 633. (4,3) = 1, no conflicts, trying value
634. 634. (4,6) = 4, no conflicts, trying value
635. 635. (4,4) = 9, no conflicts, trying value
636. 636. (4,9) = 8, no conflicts, trying value
637. 637. (4,5) = 6, no conflicts, trying value
638. 638. (5,7) = 9, no conflicts, trying value
639. 639. (5,2) = 5, no conflicts, trying value
640. 640. (5,3) = 2, no conflicts, trying value
641. 641. (5,4) = 7, no conflicts, trying value
642. 642. (3,7) = 8, no conflicts, trying value
643. 643. (3,8) = 2, no conflicts, trying value
644. 644. (3,9) = 5, no conflicts, trying value
645. 645. (4,8) = 8, no conflicts, trying value
646. 646. (4,9) = 2, no conflicts, trying value
647. 647. (4,3) = 1, no conflicts, trying value
648. 648. (4,6) = 4, no conflicts, trying value
649. 649. (4,4) = 9, no conflicts, trying value
650. 650. (4,5) = 6, no conflicts, trying value
651. 651. (5,7) = 9, no conflicts, trying value
652. 652. (5,2) = 5, no conflicts, trying value
653. 653. (5,3) = 2, no conflicts, trying value
654. 654. (5,4) = 7, no conflicts, trying value
655. 655. (3,8) = 5, no conflicts, trying value
656. 656. (3,9) = 2, no conflicts, trying value
657. 657. (4,9) = 8, no conflicts, trying value
658. 658. (4,8) = 2, no conflicts, trying value
659. 659. (4,3) = 1, no conflicts, trying value
660. 660. (4,6) = 4, no conflicts, trying value
661. 661. (4,4) = 9, no conflicts, trying value
662. 662. (4,5) = 6, no conflicts, trying value
663. 663. (5,7) = 9, no conflicts, trying value
664. 664. (5,2) = 5, no conflicts, trying value
665. 665. (5,3) = 2, no conflicts, trying value
666. 666. (5,4) = 7, no conflicts, trying value
667. 667. (3,4) = 7, no conflicts, trying value
668. 668. (3,6) = 1, no conflicts, trying value
669. 669. (3,7) = 2, no conflicts, trying value
670. 670. (3,8) = 5, no conflicts, trying value
671. 671. (3,9) = 8, no conflicts, trying value
672. 672. (4,9) = 2, no conflicts, trying value
673. 673. (4,3) = 1, no conflicts, trying value
674. 674. (4,6) = 4, no conflicts, trying value
675. 675. (4,4) = 9, no conflicts, trying value
676. 676. (4,8) = 8, no conflicts, trying value
677. 677. (4,5) = 6, no conflicts, trying value
678. 678. (5,7) = 9, no conflicts, trying value
679. 679. (5,2) = 5, no conflicts, trying value
680. 680. (5,3) = 2, no conflicts, trying value
681. 681. (5,4) = 1, no conflicts, trying value
682. 682. (5,8) = 7, no conflicts, trying value
683. 683. (5,5) = 8, no conflicts, trying value
684. 684. (5,6) = 3, no conflicts, trying value
685. 685. (6,1) = 4, no conflicts, trying value
686. 686. (6,2) = 9, no conflicts, trying value
687. 687. (6,4) = 5, no conflicts, trying value
688. 688. (6,5) = 7, no conflicts, trying value
689. 689. (6,6) = 2, no conflicts, trying value
690. 690. (6,7) = 6, no conflicts, trying value
691. 691. (7,4) = 4, no conflicts, trying value
692. 692. (3,8) = 8, no conflicts, trying value
693. 693. (3,9) = 5, no conflicts, trying value
694. 694. (4,8) = 2, no conflicts, trying value
695. 695. (4,3) = 1, no conflicts, trying value
696. 696. (4,6) = 4, no conflicts, trying value
697. 697. (4,4) = 9, no conflicts, trying value
698. 698. (4,9) = 8, no conflicts, trying value
699. 699. (4,5) = 6, no conflicts, trying value
700. 700. (5,7) = 9, no conflicts, trying value
701. 701. (5,2) = 5, no conflicts, trying value
702. 702. (5,3) = 2, no conflicts, trying value
703. 703. (5,4) = 1, no conflicts, trying value
704. 704. (5,8) = 7, no conflicts, trying value
705. 705. (5,5) = 8, no conflicts, trying value
706. 706. (5,6) = 3, no conflicts, trying value
707. 707. (6,1) = 4, no conflicts, trying value
708. 708. (6,2) = 9, no conflicts, trying value
709. 709. (6,4) = 5, no conflicts, trying value
710. 710. (6,5) = 7, no conflicts, trying value
711. 711. (6,6) = 2, no conflicts, trying value
712. 712. (6,7) = 6, no conflicts, trying value
713. 713. (7,4) = 4, no conflicts, trying value
714. 714. (7,8) = 5, no conflicts, trying value
715. 715. (7,3) = 6, no conflicts, trying value
716. 716. (7,6) = 7, no conflicts, trying value
717. 717. (7,1) = 8, no conflicts, trying value
718. 718. (7,7) = 1, no conflicts, trying value
719. 719. (7,2) = 3, no conflicts, trying value
720. 720. (3,7) = 8, no conflicts, trying value
721. 721. (3,8) = 2, no conflicts, trying value
722. 722. (3,9) = 5, no conflicts, trying value
723. 723. (4,8) = 8, no conflicts, trying value
724. 724. (4,9) = 2, no conflicts, trying value
725. 725. (4,3) = 1, no conflicts, trying value
726. 726. (4,6) = 4, no conflicts, trying value
727. 727. (4,4) = 9, no conflicts, trying value
728. 728. (4,5) = 6, no conflicts, trying value
729. 729. (5,7) = 9, no conflicts, trying value
730. 730. (5,2) = 5, no conflicts, trying value
731. 731. (5,3) = 2, no conflicts, trying value
732. 732. (5,4) = 1, no conflicts, trying value
733. 733. (5,8) = 7, no conflicts, trying value
734. 734. (5,5) = 8, no conflicts, trying value
735. 735. (5,6) = 3, no conflicts, trying value
736. 736. (6,1) = 4, no conflicts, trying value
737. 737. (6,2) = 9, no conflicts, trying value
738. 738. (6,4) = 5, no conflicts, trying value
739. 739. (6,5) = 7, no conflicts, trying value
740. 740. (6,6) = 2, no conflicts, trying value
741. 741. (6,7) = 6, no conflicts, trying value
742. 742. (7,4) = 4, no conflicts, trying value
743. 743. (7,7) = 1, no conflicts, trying value
744. 744. (7,2) = 3, no conflicts, trying value
745. 745. (7,8) = 5, no conflicts, trying value
746. 746. (7,3) = 6, no conflicts, trying value
747. 747. (7,6) = 7, no conflicts, trying value
748. 748. (7,1) = 8, no conflicts, trying value
749. 749. (3,8) = 5, no conflicts, trying value
750. 750. (3,9) = 2, no conflicts, trying value
751. 751. (4,9) = 8, no conflicts, trying value
752. 752. (4,8) = 2, no conflicts, trying value
753. 753. (4,3) = 1, no conflicts, trying value
754. 754. (4,6) = 4, no conflicts, trying value
755. 755. (4,4) = 9, no conflicts, trying value
756. 756. (4,5) = 6, no conflicts, trying value
757. 757. (5,7) = 9, no conflicts, trying value
758. 758. (5,2) = 5, no conflicts, trying value
759. 759. (5,3) = 2, no conflicts, trying value
760. 760. (5,4) = 1, no conflicts, trying value
761. 761. (5,8) = 7, no conflicts, trying value
762. 762. (5,5) = 8, no conflicts, trying value
763. 763. (5,6) = 3, no conflicts, trying value
764. 764. (6,1) = 4, no conflicts, trying value
765. 765. (6,2) = 9, no conflicts, trying value
766. 766. (6,4) = 5, no conflicts, trying value
767. 767. (6,5) = 7, no conflicts, trying value
768. 768. (6,6) = 2, no conflicts, trying value
769. 769. (6,7) = 6, no conflicts, trying value
770. 770. (7,4) = 4, no conflicts, trying value
771. 771. (7,7) = 1, no conflicts, trying value
772. 772. (7,2) = 3, no conflicts, trying value
773. 773. (7,8) = 8, no conflicts, trying value
774. 774. (7,1) = 7, no conflicts, trying value
775. 775. (7,6) = 5, no conflicts, trying value
776. 776. (7,3) = 6, no conflicts, trying value
777. 777. (1,1) = 9, no conflicts, trying value
778. 778. (1,9) = 5, no conflicts, trying value
779. 779. (1,5) = 1, no conflicts, trying value
780. 780. (3,1) = 1, no conflicts, trying value
781. 781. (3,2) = 3, no conflicts, trying value
782. 782. (3,3) = 6, no conflicts, trying value
783. 783. (3,4) = 5, no conflicts, trying value
784. 784. (3,6) = 7, no conflicts, trying value
785. 785. (3,8) = 2, no conflicts, trying value
786. 786. (4,8) = 8, no conflicts, trying value
787. 787. (5,8) = 7, no conflicts, trying value
788. 788. (7,8) = 5, no conflicts, trying value
789. 789. (3,7) = 8, no conflicts, trying value
790. 790. (3,9) = 9, no conflicts, trying value
791. 791. (4,9) = 2, no conflicts, trying value
792. 792. (4,3) = 1, no conflicts, trying value
793. 793. (4,6) = 4, no conflicts, trying value
794. 794. (4,4) = 9, no conflicts, trying value
795. 795. (4,5) = 6, no conflicts, trying value
796. 796. (5,4) = 1, no conflicts, trying value
797. 797. (5,7) = 9, no conflicts, trying value
798. 798. (5,2) = 5, no conflicts, trying value
799. 799. (5,3) = 2, no conflicts, trying value
800. 800. (5,5) = 8, no conflicts, trying value
801. 801. (5,6) = 3, no conflicts, trying value
802. 802. (6,1) = 4, no conflicts, trying value
803. 803. (6,2) = 9, no conflicts, trying value
804. 804. (6,4) = 7, no conflicts, trying value
805. 805. (6,5) = 5, no conflicts, trying value
806. 806. (6,6) = 2, no conflicts, trying value
807. 807. (6,7) = 6, no conflicts, trying value
808. 808. (7,3) = 3, no conflicts, trying value
809. 809. (7,4) = 4, no conflicts, trying value
810. 810. (7,6) = 1, no conflicts, trying value
811. 811. (7,2) = 6, no conflicts, trying value
812. 812. (3,7) = 9, no conflicts, trying value
813. 813. (3,9) = 8, no conflicts, trying value
814. 814. (5,7) = 2, no conflicts, trying value
815. 815. (4,9) = 9, no conflicts, trying value
816. 816. (4,5) = 6, no conflicts, trying value
817. 817. (6,7) = 6, no conflicts, trying value
818. 818. (7,9) = 7, no conflicts, trying value
819. 819. (9,9) = 2, no conflicts, trying value
820. 820. (4,3) = 1, no conflicts, trying value
821. 821. (4,4) = 4, no conflicts, trying value
822. 822. (4,6) = 2, no conflicts, trying value
823. 823. (5,3) = 5, no conflicts, trying value
824. 824. (5,2) = 9, no conflicts, trying value
825. 825. (5,4) = 1, no conflicts, trying value
826. 826. (5,5) = 8, no conflicts, trying value
827. 827. (5,6) = 3, no conflicts, trying value
828. 828. (6,2) = 4, no conflicts, trying value
829. 829. (6,1) = 2, no conflicts, trying value
830. 830. (6,6) = 5, no conflicts, trying value
831. 831. (7,3) = 3, no conflicts, trying value
832. 832. (7,4) = 9, no conflicts, trying value
833. 833. (6,4) = 7, no conflicts, trying value
834. 834. (6,5) = 9, no conflicts, trying value
835. 835. (4,3) = 2, no conflicts, trying value
836. 836. (6,1) = 4, no conflicts, trying value
837. 837. (7,1) = 8, no conflicts, trying value
838. 838. (9,1) = 7, no conflicts, trying value
839. 839. (8,1) = 2, no conflicts, trying value
840. 840. (9,5) = 5, no conflicts, trying value
841. 841. (8,5) = 7, no conflicts, trying value
842. 842. (6,5) = 9, no conflicts, trying value
843. 843. (5,4) = 1, no conflicts, trying value
844. 844. (4,4) = 4, no conflicts, trying value
845. 845. (3,8) = 8, no conflicts, trying value
846. 846. (4,8) = 2, no conflicts, trying value
847. 847. (4,3) = 1, no conflicts, trying value
848. 848. (4,6) = 4, no conflicts, trying value
849. 849. (4,4) = 9, no conflicts, trying value
850. 850. (4,9) = 8, no conflicts, trying value
851. 851. (4,5) = 6, no conflicts, trying value
852. 852. (5,7) = 9, no conflicts, trying value
853. 853. (3,7) = 2, no conflicts, trying value
854. 854. (3,9) = 9, no conflicts, trying value
855. 855. (5,2) = 5, no conflicts, trying value
856. 856. (5,3) = 2, no conflicts, trying value
857. 857. (5,8) = 7, no conflicts, trying value
858. 858. (5,4) = 1, no conflicts, trying value
859. 859. (5,5) = 8, no conflicts, trying value
860. 860. (5,6) = 3, no conflicts, trying value
861. 861. (6,1) = 4, no conflicts, trying value
862. 862. (6,2) = 9, no conflicts, trying value
863. 863. (6,4) = 7, no conflicts, trying value
864. 864. (6,5) = 5, no conflicts, trying value
865. 865. (6,6) = 2, no conflicts, trying value
866. 866. (6,7) = 6, no conflicts, trying value
867. 867. (7,4) = 4, no conflicts, trying value
868. 868. (7,8) = 5, no conflicts, trying value
869. 869. (7,3) = 3, no conflicts, trying value
870. 870. (7,6) = 1, no conflicts, trying value
871. 871. (7,2) = 6, no conflicts, trying value
872. 872. (7,7) = 8, no conflicts, trying value
873. 873. (7,1) = 7, no conflicts, trying value
874. 874. (3,4) = 7, no conflicts, trying value
875. 875. (3,6) = 5, no conflicts, trying value
876. 876. (3,8) = 2, no conflicts, trying value
877. 877. (4,8) = 8, no conflicts, trying value
878. 878. (5,8) = 7, no conflicts, trying value
879. 879. (7,8) = 5, no conflicts, trying value
880. 880. (3,7) = 8, no conflicts, trying value
881. 881. (3,9) = 9, no conflicts, trying value
882. 882. (4,9) = 2, no conflicts, trying value
883. 883. (4,3) = 1, no conflicts, trying value
884. 884. (4,6) = 4, no conflicts, trying value
885. 885. (4,4) = 9, no conflicts, trying value
886. 886. (4,5) = 6, no conflicts, trying value
887. 887. (5,7) = 9, no conflicts, trying value
888. 888. (5,2) = 5, no conflicts, trying value
889. 889. (5,3) = 2, no conflicts, trying value
890. 890. (5,4) = 1, no conflicts, trying value
891. 891. (5,5) = 8, no conflicts, trying value
892. 892. (5,6) = 3, no conflicts, trying value
893. 893. (6,1) = 4, no conflicts, trying value
894. 894. (6,2) = 9, no conflicts, trying value
895. 895. (6,4) = 5, no conflicts, trying value
896. 896. (6,5) = 7, no conflicts, trying value
897. 897. (6,6) = 2, no conflicts, trying value
898. 898. (6,7) = 6, no conflicts, trying value
899. 899. (7,3) = 3, no conflicts, trying value
900. 900. (7,4) = 4, no conflicts, trying value
901. 901. (7,7) = 1, no conflicts, trying value
902. 902. (7,2) = 6, no conflicts, trying value
903. 903. (7,6) = 7, no conflicts, trying value
904. 904. (7,1) = 8, no conflicts, trying value
905. 905. (3,7) = 9, no conflicts, trying value
906. 906. (3,9) = 8, no conflicts, trying value
907. 907. (5,7) = 2, no conflicts, trying value
908. 908. (4,9) = 9, no conflicts, trying value
909. 909. (4,5) = 6, no conflicts, trying value
910. 910. (6,7) = 6, no conflicts, trying value
911. 911. (7,9) = 7, no conflicts, trying value
912. 912. (9,9) = 2, no conflicts, trying value
913. 913. (4,3) = 1, no conflicts, trying value
914. 914. (4,4) = 4, no conflicts, trying value
915. 915. (4,6) = 2, no conflicts, trying value
916. 916. (5,3) = 5, no conflicts, trying value
917. 917. (5,2) = 9, no conflicts, trying value
918. 918. (5,4) = 1, no conflicts, trying value
919. 919. (5,5) = 8, no conflicts, trying value
920. 920. (5,6) = 3, no conflicts, trying value
921. 921. (6,2) = 4, no conflicts, trying value
922. 922. (6,1) = 2, no conflicts, trying value
923. 923. (6,6) = 7, no conflicts, trying value
924. 924. (7,3) = 3, no conflicts, trying value
925. 925. (7,4) = 9, no conflicts, trying value
926. 926. (6,4) = 5, no conflicts, trying value
927. 927. (6,5) = 9, no conflicts, trying value
928. 928. (4,3) = 2, no conflicts, trying value
929. 929. (6,1) = 4, no conflicts, trying value
930. 930. (7,1) = 8, no conflicts, trying value
931. 931. (9,1) = 7, no conflicts, trying value
932. 932. (8,1) = 2, no conflicts, trying value
933. 933. (9,5) = 5, no conflicts, trying value
934. 934. (8,5) = 7, no conflicts, trying value
935. 935. (6,5) = 9, no conflicts, trying value
936. 936. (5,5) = 8, no conflicts, trying value
937. 937. (6,2) = 5, no conflicts, trying value
938. 938. (5,3) = 1, no conflicts, trying value
939. 939. (5,2) = 9, no conflicts, trying value
940. 940. (5,4) = 5, no conflicts, trying value
941. 941. (5,6) = 3, no conflicts, trying value
942. 942. (3,8) = 8, no conflicts, trying value
943. 943. (4,8) = 2, no conflicts, trying value
944. 944. (4,3) = 1, no conflicts, trying value
945. 945. (4,6) = 4, no conflicts, trying value
946. 946. (4,4) = 9, no conflicts, trying value
947. 947. (4,9) = 8, no conflicts, trying value
948. 948. (4,5) = 6, no conflicts, trying value
949. 949. (5,7) = 9, no conflicts, trying value
950. 950. (3,7) = 2, no conflicts, trying value
951. 951. (3,9) = 9, no conflicts, trying value
952. 952. (5,2) = 5, no conflicts, trying value
953. 953. (5,3) = 2, no conflicts, trying value
954. 954. (5,4) = 1, no conflicts, trying value
955. 955. (5,8) = 7, no conflicts, trying value
956. 956. (5,5) = 8, no conflicts, trying value
957. 957. (5,6) = 3, no conflicts, trying value
958. 958. (6,1) = 4, no conflicts, trying value
959. 959. (6,2) = 9, no conflicts, trying value
960. 960. (6,4) = 5, no conflicts, trying value
961. 961. (6,5) = 7, no conflicts, trying value
962. 962. (6,6) = 2, no conflicts, trying value
963. 963. (6,7) = 6, no conflicts, trying value
964. 964. (7,4) = 4, no conflicts, trying value
965. 965. (7,8) = 5, no conflicts, trying value
966. 966. (7,3) = 3, no conflicts, trying value
967. 967. (7,9) = 7, no conflicts, trying value
968. 968. (7,1) = 8, no conflicts, trying value
969. 969. (7,6) = 1, no conflicts, trying value
970. 970. (7,2) = 6, no conflicts, trying value
971. 971. (3,2) = 6, no conflicts, trying value
972. 972. (3,3) = 3, no conflicts, trying value
973. 973. (3,4) = 5, no conflicts, trying value
974. 974. (3,6) = 7, no conflicts, trying value
975. 975. (3,8) = 2, no conflicts, trying value
976. 976. (4,8) = 8, no conflicts, trying value
977. 977. (5,8) = 7, no conflicts, trying value
978. 978. (7,8) = 5, no conflicts, trying value
979. 979. (3,7) = 8, no conflicts, trying value
980. 980. (3,9) = 9, no conflicts, trying value
981. 981. (4,9) = 2, no conflicts, trying value
982. 982. (4,3) = 1, no conflicts, trying value
983. 983. (4,6) = 4, no conflicts, trying value
984. 984. (4,4) = 9, no conflicts, trying value
985. 985. (4,5) = 6, no conflicts, trying value
986. 986. (5,4) = 1, no conflicts, trying value
987. 987. (5,7) = 9, no conflicts, trying value
988. 988. (5,2) = 5, no conflicts, trying value
989. 989. (5,3) = 2, no conflicts, trying value
990. 990. (5,5) = 8, no conflicts, trying value
991. 991. (5,6) = 3, no conflicts, trying value
992. 992. (6,1) = 4, no conflicts, trying value
993. 993. (6,2) = 9, no conflicts, trying value
994. 994. (6,4) = 7, no conflicts, trying value
995. 995. (6,5) = 5, no conflicts, trying value
996. 996. (6,6) = 2, no conflicts, trying value
997. 997. (6,7) = 6, no conflicts, trying value
998. 998. (7,3) = 6, no conflicts, trying value
999. 999. (7,4) = 4, no conflicts, trying value
1000. 1000. (7,6) = 1, no conflicts, trying value
1001. 1001. (7,2) = 3, no conflicts, trying value
1002. 1002. (3,7) = 9, no conflicts, trying value
1003. 1003. (3,9) = 8, no conflicts, trying value
1004. 1004. (5,7) = 2, no conflicts, trying value
1005. 1005. (4,9) = 9, no conflicts, trying value
1006. 1006. (4,5) = 6, no conflicts, trying value
1007. 1007. (6,7) = 6, no conflicts, trying value
1008. 1008. (7,9) = 7, no conflicts, trying value
1009. 1009. (9,9) = 2, no conflicts, trying value
1010. 1010. (4,3) = 1, no conflicts, trying value
1011. 1011. (4,4) = 4, no conflicts, trying value
1012. 1012. (4,6) = 2, no conflicts, trying value
1013. 1013. (5,3) = 5, no conflicts, trying value
1014. 1014. (5,2) = 9, no conflicts, trying value
1015. 1015. (5,4) = 1, no conflicts, trying value
1016. 1016. (5,5) = 8, no conflicts, trying value
1017. 1017. (5,6) = 3, no conflicts, trying value
1018. 1018. (6,2) = 4, no conflicts, trying value
1019. 1019. (6,1) = 2, no conflicts, trying value
1020. 1020. (6,6) = 5, no conflicts, trying value
1021. 1021. (7,3) = 6, no conflicts, trying value
1022. 1022. (7,4) = 9, no conflicts, trying value
1023. 1023. (6,4) = 7, no conflicts, trying value
1024. 1024. (6,5) = 9, no conflicts, trying value
1025. 1025. (4,3) = 2, no conflicts, trying value
1026. 1026. (6,1) = 4, no conflicts, trying value
1027. 1027. (7,1) = 8, no conflicts, trying value
1028. 1028. (9,1) = 7, no conflicts, trying value
1029. 1029. (8,1) = 2, no conflicts, trying value
1030. 1030. (9,5) = 5, no conflicts, trying value
1031. 1031. (8,5) = 7, no conflicts, trying value
1032. 1032. (6,5) = 9, no conflicts, trying value
1033. 1033. (5,4) = 1, no conflicts, trying value
1034. 1034. (4,4) = 4, no conflicts, trying value
1035. 1035. (3,8) = 8, no conflicts, trying value
1036. 1036. (4,8) = 2, no conflicts, trying value
1037. 1037. (4,3) = 1, no conflicts, trying value
1038. 1038. (4,6) = 4, no conflicts, trying value
1039. 1039. (4,4) = 9, no conflicts, trying value
1040. 1040. (4,9) = 8, no conflicts, trying value
1041. 1041. (4,5) = 6, no conflicts, trying value
1042. 1042. (5,7) = 9, no conflicts, trying value
1043. 1043. (3,7) = 2, no conflicts, trying value
1044. 1044. (3,9) = 9, no conflicts, trying value
1045. 1045. (5,2) = 5, no conflicts, trying value
1046. 1046. (5,3) = 2, no conflicts, trying value
1047. 1047. (5,8) = 7, no conflicts, trying value
1048. 1048. (5,4) = 1, no conflicts, trying value
1049. 1049. (5,5) = 8, no conflicts, trying value
1050. 1050. (5,6) = 3, no conflicts, trying value
1051. 1051. (6,1) = 4, no conflicts, trying value
1052. 1052. (6,2) = 9, no conflicts, trying value
1053. 1053. (6,4) = 7, no conflicts, trying value
1054. 1054. (6,5) = 5, no conflicts, trying value
1055. 1055. (6,6) = 2, no conflicts, trying value
1056. 1056. (6,7) = 6, no conflicts, trying value
1057. 1057. (7,4) = 4, no conflicts, trying value
1058. 1058. (7,8) = 5, no conflicts, trying value
1059. 1059. (7,3) = 6, no conflicts, trying value
1060. 1060. (7,6) = 1, no conflicts, trying value
1061. 1061. (7,2) = 3, no conflicts, trying value
1062. 1062. (7,7) = 8, no conflicts, trying value
1063. 1063. (7,1) = 7, no conflicts, trying value
1064. 1064. (3,4) = 7, no conflicts, trying value
1065. 1065. (3,6) = 5, no conflicts, trying value
1066. 1066. (3,8) = 2, no conflicts, trying value
1067. 1067. (4,8) = 8, no conflicts, trying value
1068. 1068. (5,8) = 7, no conflicts, trying value
1069. 1069. (7,8) = 5, no conflicts, trying value
1070. 1070. (3,7) = 8, no conflicts, trying value
1071. 1071. (3,9) = 9, no conflicts, trying value
1072. 1072. (4,9) = 2, no conflicts, trying value
1073. 1073. (4,3) = 1, no conflicts, trying value
1074. 1074. (4,6) = 4, no conflicts, trying value
1075. 1075. (4,4) = 9, no conflicts, trying value
1076. 1076. (4,5) = 6, no conflicts, trying value
1077. 1077. (5,7) = 9, no conflicts, trying value
1078. 1078. (5,2) = 5, no conflicts, trying value
1079. 1079. (5,3) = 2, no conflicts, trying value
1080. 1080. (5,4) = 1, no conflicts, trying value
1081. 1081. (5,5) = 8, no conflicts, trying value
1082. 1082. (5,6) = 3, no conflicts, trying value
1083. 1083. (6,1) = 4, no conflicts, trying value
1084. 1084. (6,2) = 9, no conflicts, trying value
1085. 1085. (6,4) = 5, no conflicts, trying value
1086. 1086. (6,5) = 7, no conflicts, trying value
1087. 1087. (6,6) = 2, no conflicts, trying value
1088. 1088. (6,7) = 6, no conflicts, trying value
1089. 1089. (7,3) = 6, no conflicts, trying value
1090. 1090. (7,4) = 4, no conflicts, trying value
1091. 1091. (7,7) = 1, no conflicts, trying value
1092. 1092. (7,2) = 3, no conflicts, trying value
1093. 1093. (7,6) = 7, no conflicts, trying value
1094. 1094. (7,1) = 8, no conflicts, trying value
1095. 1095. (3,7) = 9, no conflicts, trying value
1096. 1096. (3,9) = 8, no conflicts, trying value
1097. 1097. (5,7) = 2, no conflicts, trying value
1098. 1098. (4,9) = 9, no conflicts, trying value
1099. 1099. (4,5) = 6, no conflicts, trying value
1100. 1100. (6,7) = 6, no conflicts, trying value
1101. 1101. (7,9) = 7, no conflicts, trying value
1102. 1102. (9,9) = 2, no conflicts, trying value
1103. 1103. (4,3) = 1, no conflicts, trying value
1104. 1104. (4,4) = 4, no conflicts, trying value
1105. 1105. (4,6) = 2, no conflicts, trying value
1106. 1106. (5,3) = 5, no conflicts, trying value
1107. 1107. (5,2) = 9, no conflicts, trying value
1108. 1108. (5,4) = 1, no conflicts, trying value
1109. 1109. (5,5) = 8, no conflicts, trying value
1110. 1110. (5,6) = 3, no conflicts, trying value
1111. 1111. (6,2) = 4, no conflicts, trying value
1112. 1112. (6,1) = 2, no conflicts, trying value
1113. 1113. (6,6) = 7, no conflicts, trying value
1114. 1114. (7,3) = 6, no conflicts, trying value
1115. 1115. (7,4) = 9, no conflicts, trying value
1116. 1116. (6,4) = 5, no conflicts, trying value
1117. 1117. (6,5) = 9, no conflicts, trying value
1118. 1118. (4,3) = 2, no conflicts, trying value
1119. 1119. (6,1) = 4, no conflicts, trying value
1120. 1120. (7,1) = 8, no conflicts, trying value
1121. 1121. (9,1) = 7, no conflicts, trying value
1122. 1122. (8,1) = 2, no conflicts, trying value
1123. 1123. (9,5) = 5, no conflicts, trying value
1124. 1124. (8,5) = 7, no conflicts, trying value
1125. 1125. (6,5) = 9, no conflicts, trying value
1126. 1126. (5,5) = 8, no conflicts, trying value
1127. 1127. (6,2) = 5, no conflicts, trying value
1128. 1128. (5,3) = 1, no conflicts, trying value
1129. 1129. (5,2) = 9, no conflicts, trying value
1130. 1130. (5,4) = 5, no conflicts, trying value
1131. 1131. (5,6) = 3, no conflicts, trying value
1132. 1132. (3,8) = 8, no conflicts, trying value
1133. 1133. (4,8) = 2, no conflicts, trying value
1134. 1134. (4,3) = 1, no conflicts, trying value
1135. 1135. (4,6) = 4, no conflicts, trying value
1136. 1136. (4,4) = 9, no conflicts, trying value
1137. 1137. (4,9) = 8, no conflicts, trying value
1138. 1138. (4,5) = 6, no conflicts, trying value
1139. 1139. (5,7) = 9, no conflicts, trying value
1140. 1140. (3,7) = 2, no conflicts, trying value
1141. 1141. (3,9) = 9, no conflicts, trying value
1142. 1142. (5,2) = 5, no conflicts, trying value
1143. 1143. (5,3) = 2, no conflicts, trying value
1144. 1144. (5,4) = 1, no conflicts, trying value
1145. 1145. (5,8) = 7, no conflicts, trying value
1146. 1146. (5,5) = 8, no conflicts, trying value
1147. 1147. (5,6) = 3, no conflicts, trying value
1148. 1148. (6,1) = 4, no conflicts, trying value
1149. 1149. (6,2) = 9, no conflicts, trying value
1150. 1150. (6,4) = 5, no conflicts, trying value
1151. 1151. (6,5) = 7, no conflicts, trying value
1152. 1152. (6,6) = 2, no conflicts, trying value
1153. 1153. (6,7) = 6, no conflicts, trying value
1154. 1154. (7,4) = 4, no conflicts, trying value
1155. 1155. (7,8) = 5, no conflicts, trying value
1156. 1156. (7,3) = 6, no conflicts, trying value
1157. 1157. (7,9) = 7, no conflicts, trying value
1158. 1158. (7,1) = 8, no conflicts, trying value
1159. 1159. (7,6) = 1, no conflicts, trying value
1160. 1160. (7,2) = 3, no conflicts, trying value
1161. 1161. (1,7) = 9, no conflicts, trying value
1162. 1162. (1,9) = 5, no conflicts, trying value
1163. 1163. (1,1) = 1, no conflicts, trying value
1164. 1164. (1,5) = 7, no conflicts, trying value
1165. 1165. (1,3) = 3, no conflicts, trying value
1166. 1166. (3,1) = 7, no conflicts, trying value
1167. 1167. (3,3) = 6, no conflicts, trying value
1168. 1168. (3,2) = 9, no conflicts, trying value
1169. 1169. (3,4) = 1, no conflicts, trying value
1170. 1170. (3,6) = 5, no conflicts, trying value
1171. 1171. (3,8) = 2, no conflicts, trying value
1172. 1172. (3,9) = 8, no conflicts, trying value
1173. 1173. (3,7) = 3, no conflicts, trying value
1174. 1174. (4,8) = 8, no conflicts, trying value
1175. 1175. (5,7) = 2, no conflicts, trying value
1176. 1176. (4,9) = 9, no conflicts, trying value
1177. 1177. (4,4) = 4, no conflicts, trying value
1178. 1178. (5,8) = 7, no conflicts, trying value
1179. 1179. (6,7) = 6, no conflicts, trying value
1180. 1180. (7,8) = 5, no conflicts, trying value
1181. 1181. (7,9) = 7, no conflicts, trying value
1182. 1182. (7,3) = 1, no conflicts, trying value
1183. 1183. (4,3) = 2, no conflicts, trying value
1184. 1184. (4,6) = 1, no conflicts, trying value
1185. 1185. (4,5) = 6, no conflicts, trying value
1186. 1186. (5,3) = 5, no conflicts, trying value
1187. 1187. (5,2) = 1, no conflicts, trying value
1188. 1188. (5,4) = 9, no conflicts, trying value
1189. 1189. (5,5) = 8, no conflicts, trying value
1190. 1190. (5,6) = 3, no conflicts, trying value
1191. 1191. (6,2) = 4, no conflicts, trying value
1192. 1192. (6,1) = 9, no conflicts, trying value
1193. 1193. (6,5) = 5, no conflicts, trying value
1194. 1194. (6,4) = 7, no conflicts, trying value
1195. 1195. (6,6) = 2, no conflicts, trying value
1196. 1196. (3,8) = 8, no conflicts, trying value
1197. 1197. (3,9) = 2, no conflicts, trying value
1198. 1198. (3,7) = 3, no conflicts, trying value
1199. 1199. (4,8) = 2, no conflicts, trying value
1200. 1200. (4,3) = 1, no conflicts, trying value
1201. 1201. (4,6) = 4, no conflicts, trying value
1202. 1202. (4,4) = 9, no conflicts, trying value
1203. 1203. (4,9) = 8, no conflicts, trying value
1204. 1204. (4,5) = 6, no conflicts, trying value
1205. 1205. (5,2) = 5, no conflicts, trying value
1206. 1206. (5,3) = 2, no conflicts, trying value
1207. 1207. (5,4) = 7, no conflicts, trying value
1208. 1208. (3,4) = 5, no conflicts, trying value
1209. 1209. (3,6) = 1, no conflicts, trying value
1210. 1210. (3,8) = 2, no conflicts, trying value
1211. 1211. (3,9) = 8, no conflicts, trying value
1212. 1212. (3,7) = 3, no conflicts, trying value
1213. 1213. (4,8) = 8, no conflicts, trying value
1214. 1214. (5,7) = 2, no conflicts, trying value
1215. 1215. (4,9) = 9, no conflicts, trying value
1216. 1216. (5,8) = 7, no conflicts, trying value
1217. 1217. (6,7) = 6, no conflicts, trying value
1218. 1218. (7,8) = 5, no conflicts, trying value
1219. 1219. (7,9) = 7, no conflicts, trying value
1220. 1220. (7,3) = 1, no conflicts, trying value
1221. 1221. (4,3) = 2, no conflicts, trying value
1222. 1222. (4,6) = 4, no conflicts, trying value
1223. 1223. (4,4) = 1, no conflicts, trying value
1224. 1224. (4,5) = 6, no conflicts, trying value
1225. 1225. (5,3) = 5, no conflicts, trying value
1226. 1226. (5,2) = 1, no conflicts, trying value
1227. 1227. (5,4) = 9, no conflicts, trying value
1228. 1228. (5,5) = 8, no conflicts, trying value
1229. 1229. (5,6) = 3, no conflicts, trying value
1230. 1230. (6,2) = 4, no conflicts, trying value
1231. 1231. (6,1) = 9, no conflicts, trying value
1232. 1232. (6,4) = 7, no conflicts, trying value
1233. 1233. (6,5) = 5, no conflicts, trying value
1234. 1234. (6,6) = 2, no conflicts, trying value
1235. 1235. (7,4) = 4, no conflicts, trying value
1236. 1236. (7,1) = 8, no conflicts, trying value
1237. 1237. (3,8) = 8, no conflicts, trying value
1238. 1238. (3,9) = 2, no conflicts, trying value
1239. 1239. (3,7) = 3, no conflicts, trying value
1240. 1240. (4,8) = 2, no conflicts, trying value
1241. 1241. (4,3) = 1, no conflicts, trying value
1242. 1242. (4,6) = 4, no conflicts, trying value
1243. 1243. (4,4) = 9, no conflicts, trying value
1244. 1244. (4,9) = 8, no conflicts, trying value
1245. 1245. (4,5) = 6, no conflicts, trying value
1246. 1246. (5,2) = 5, no conflicts, trying value
1247. 1247. (5,3) = 2, no conflicts, trying value
1248. 1248. (3,1) = 9, no conflicts, trying value
1249. 1249. (3,2) = 6, no conflicts, trying value
1250. 1250. (3,3) = 7, no conflicts, trying value
1251. 1251. (3,4) = 1, no conflicts, trying value
1252. 1252. (3,6) = 5, no conflicts, trying value
1253. 1253. (3,8) = 2, no conflicts, trying value
1254. 1254. (3,9) = 8, no conflicts, trying value
1255. 1255. (3,7) = 3, no conflicts, trying value
1256. 1256. (4,8) = 8, no conflicts, trying value
1257. 1257. (5,7) = 2, no conflicts, trying value
1258. 1258. (4,9) = 9, no conflicts, trying value
1259. 1259. (4,4) = 4, no conflicts, trying value
1260. 1260. (5,8) = 7, no conflicts, trying value
1261. 1261. (6,7) = 6, no conflicts, trying value
1262. 1262. (7,8) = 5, no conflicts, trying value
1263. 1263. (7,9) = 7, no conflicts, trying value
1264. 1264. (7,4) = 9, no conflicts, trying value
1265. 1265. (5,4) = 5, no conflicts, trying value
1266. 1266. (5,3) = 1, no conflicts, trying value
1267. 1267. (4,3) = 2, no conflicts, trying value
1268. 1268. (4,6) = 1, no conflicts, trying value
1269. 1269. (4,5) = 6, no conflicts, trying value
1270. 1270. (5,2) = 9, no conflicts, trying value
1271. 1271. (5,5) = 8, no conflicts, trying value
1272. 1272. (5,6) = 3, no conflicts, trying value
1273. 1273. (6,1) = 4, no conflicts, trying value
1274. 1274. (6,2) = 5, no conflicts, trying value
1275. 1275. (6,4) = 7, no conflicts, trying value
1276. 1276. (6,5) = 9, no conflicts, trying value
1277. 1277. (6,6) = 2, no conflicts, trying value
1278. 1278. (7,1) = 8, no conflicts, trying value
1279. 1279. (7,3) = 6, no conflicts, trying value
1280. 1280. (7,6) = 4, no conflicts, trying value
1281. 1281. (7,7) = 1, no conflicts, trying value
1282. 1282. (7,2) = 3, no conflicts, trying value
1283. 1283. (8,6) = 7, no conflicts, trying value
1284. 1284. (8,1) = 2, no conflicts, trying value
1285. 1285. (8,7) = 4, no conflicts, trying value
1286. 1286. (8,2) = 1, no conflicts, trying value
1287. 1287. (8,5) = 5, no conflicts, trying value
1288. 1288. (9,1) = 7, no conflicts, trying value
1289. 1289. (9,2) = 4, no conflicts, trying value
1290. 1290. (9,3) = 5, no conflicts, trying value
1291. 1291. (9,5) = 1, no conflicts, trying value
1292. 1292. (9,7) = 8, no conflicts, trying value
1293. 1293. (9,9) = 2, no conflicts, trying value
